algorithm,scenario,n,mean_ms,checksum
quicksort_2way,random,10,0.233,100
quicksort_2way,random,50,0.310,500
quicksort_2way,random,100,0.203,1000
quicksort_2way,random,1000,1.616,10000
quicksort_2way,random,5000,4.018,50000
quicksort_2way,random,10000,5.042,100000
quicksort_2way,random,50000,36.422,500000
quicksort_2way,random,100000,70.734,1000000
quicksort_2way,random,500000,456.123,5000000
quicksort_2way,random,1000000,986.165,10000000
quicksort_2way,sorted,10,0.001,100
quicksort_2way,sorted,50,0.005,500
quicksort_2way,sorted,100,0.010,1000
quicksort_2way,sorted,1000,0.205,10000
quicksort_2way,sorted,5000,1.358,50000
quicksort_2way,sorted,10000,2.964,100000
quicksort_2way,sorted,50000,21.741,500000
quicksort_2way,sorted,100000,43.231,1000000
quicksort_2way,sorted,500000,347.812,5000000
quicksort_2way,sorted,1000000,737.089,10000000
quicksort_2way,reversed,10,0.001,100
quicksort_2way,reversed,50,0.004,500
quicksort_2way,reversed,100,0.028,1000
quicksort_2way,reversed,1000,0.206,10000
quicksort_2way,reversed,5000,1.191,50000
quicksort_2way,reversed,10000,3.038,100000
quicksort_2way,reversed,50000,18.178,500000
quicksort_2way,reversed,100000,39.753,1000000
quicksort_2way,reversed,500000,281.592,5000000
quicksort_2way,reversed,1000000,722.151,10000000
quicksort_2way,few_distinct,10,0.001,100
quicksort_2way,few_distinct,50,0.005,500
quicksort_2way,few_distinct,100,0.013,1000
quicksort_2way,few_distinct,1000,0.633,10000
quicksort_2way,few_distinct,5000,13.682,50000
quicksort_2way,few_distinct,10000,58.450,100000
quicksort_2way,few_distinct,50000,1717.106,500000
quicksort_3way,random,10,0.008,100
quicksort_3way,random,50,0.110,500
quicksort_3way,random,100,0.029,1000
quicksort_3way,random,1000,0.376,10000
quicksort_3way,random,5000,2.774,50000
quicksort_3way,random,10000,3.286,100000
quicksort_3way,random,50000,19.128,500000
quicksort_3way,random,100000,49.687,1000000
quicksort_3way,random,500000,392.434,5000000
quicksort_3way,random,1000000,1239.869,10000000
quicksort_3way,sorted,10,0.001,100
quicksort_3way,sorted,50,0.006,500
quicksort_3way,sorted,100,0.017,1000
quicksort_3way,sorted,1000,0.261,10000
quicksort_3way,sorted,5000,1.878,50000
quicksort_3way,sorted,10000,5.425,100000
quicksort_3way,sorted,50000,30.811,500000
quicksort_3way,sorted,100000,60.279,1000000
quicksort_3way,sorted,500000,470.134,5000000
quicksort_3way,sorted,1000000,1047.504,10000000
quicksort_3way,reversed,10,0.001,100
quicksort_3way,reversed,50,0.006,500
quicksort_3way,reversed,100,0.016,1000
quicksort_3way,reversed,1000,0.252,10000
quicksort_3way,reversed,5000,1.617,50000
quicksort_3way,reversed,10000,4.259,100000
quicksort_3way,reversed,50000,32.224,500000
quicksort_3way,reversed,100000,57.827,1000000
quicksort_3way,reversed,500000,419.224,5000000
quicksort_3way,reversed,1000000,1023.632,10000000
quicksort_3way,few_distinct,10,0.001,100
quicksort_3way,few_distinct,50,0.004,500
quicksort_3way,few_distinct,100,0.007,1000
quicksort_3way,few_distinct,1000,0.051,10000
quicksort_3way,few_distinct,5000,0.467,50000
quicksort_3way,few_distinct,10000,0.963,100000
quicksort_3way,few_distinct,50000,5.579,500000
quicksort_3way,few_distinct,100000,18.570,1000000
quicksort_3way,few_distinct,500000,87.227,5000000
quicksort_3way,few_distinct,1000000,166.460,10000000
inversion_count,random,10,0.050,210
inversion_count,random,50,0.254,6330
inversion_count,random,100,0.130,26250
inversion_count,random,1000,1.001,2497470
inversion_count,random,5000,3.524,62341540
inversion_count,random,10000,4.039,251892140
inversion_count,random,50000,27.725,6224691760
inversion_count,random,100000,55.383,25005979900
inversion_count,random,500000,386.057,624369972530
inversion_count,random,1000000,917.874,2500041418220
inversion_count,sorted,10,0.001,0
inversion_count,sorted,50,0.005,0
inversion_count,sorted,100,0.013,0
inversion_count,sorted,1000,0.232,0
inversion_count,sorted,5000,1.100,0
inversion_count,sorted,10000,2.739,0
inversion_count,sorted,50000,15.756,0
inversion_count,sorted,100000,34.024,0
inversion_count,sorted,500000,237.236,0
inversion_count,sorted,1000000,568.165,0
inversion_count,reversed,10,0.001,450
inversion_count,reversed,50,0.005,12250
inversion_count,reversed,100,0.012,49500
inversion_count,reversed,1000,0.201,4995000
inversion_count,reversed,5000,1.382,124975000
inversion_count,reversed,10000,3.840,499950000
inversion_count,reversed,50000,14.719,12499750000
inversion_count,reversed,100000,34.937,49999500000
inversion_count,reversed,500000,218.158,1249997500000
inversion_count,reversed,1000000,563.518,4999995000000
closest_points,points,10,0.152,15193073590
closest_points,points,50,0.413,1205821520
closest_points,points,100,0.365,1205821520
closest_points,points,1000,2.610,258207040
closest_points,points,5000,5.758,31140490
closest_points,points,10000,12.178,20400000
closest_points,points,50000,90.190,3132090
closest_points,points,100000,188.102,632460
closest_points,points,500000,1269.745,200000
closest_points,points,1000000,2721.914,0
